text,taxonomy,keyword,knowledgegraph,concept,entity
lemons,/food and drink/food/condiments and dressings ,lemons ,/foods/fruits/citrus fruits/lemons , , 
limes,/food and drink/food/condiments and dressings ,limes ,/foods/fruits/citrus fruits/limes , , 
citrus fruits,/food and drink/food/herbs and spices ,fruits ,/foods/fruits ,Citrus , 
grapefruit,/food and drink/food/fruits and vegetables ,grapefruit ,/foods/fruits/citrus fruits/grapefruit , , 
juicy orange,/art and entertainment/celebrity fan and gossip ,juicy orange ,/colors/orange/juicy orange ,1975 births , 
apple,/technology and computing/hardware/computer/portable computer/tablet ,apple , , ,apple 
pears,/food and drink/food/fruits and vegetables ,pears ,/foods/fruits/pears , , 
plums,/food and drink/food/fruits and vegetables ,plums ,/foods/fruits/plums , , 
grapes, ,grapes ,/foods/fruits/grapes , , 
wine,/food and drink/beverages/alcoholic beverages/wine ,wine ,/products/beverages/wine , , 
beer,/food and drink/beverages/alcoholic beverages/cocktails and beer ,beer ,/products/beverages/beer , , 
gin,/food and drink/beverages/alcoholic beverages/cocktails and beer ,gin ,/beverages/liquors/spirits/gin , , 
whisky,/food and drink/beverages/alcoholic beverages/cocktails and beer , , , , 
water, ,water ,/products/services/resources/materials/liquids/water , , 
juice, ,juice ,/products/beverages/juice , , 
coca cola,/food and drink/beverages/non alcoholic beverages/soft drinks ,coca cola ,/organizations/companies/coca cola ,Coca-Cola , 
pepsi,/food and drink/beverages/non alcoholic beverages/soft drinks ,pepsi ,/organizations/companies/pepsi , ,pepsi 
milk,/food and drink/food allergies ,milk ,/foods/dairy products/milk , , 
cows,/business and industrial/agriculture and forestry/livestock ,cows ,/animals/cows , , 
horses,/sports/horses ,horses ,/animals/horses , , 
sheep,/business and industrial/agriculture and forestry/livestock ,sheep ,/animals/sheep , , 
wool, ,wool ,/products/materials/wool , , 
cotton,/business and industrial/textile industry ,cotton ,/products/materials/fabrics/cotton , , 
polyester, ,polyester ,/products/materials/polyester , , 
disco,/art and entertainment/music/music genres/electronic music ,disco ,/features/styles/disco , , 
people, ,people ,/people , , 
history,/science/social science/history ,history , , , 
way, ,way ,/people/way , , 
art, ,art ,/products/services/resources/materials/creative works/art , , 
world, ,world ,/people/world , , 
information, ,information , , , 
map,/art and entertainment/movies and tv/movies ,map , , , 
two, , , , , 
family,/education/alumni and reunions ,family ,/people/family , , 
government,"/law, govt and politics/government ",government ,/industries/media/government , , 
health,/health and fitness ,health ,/issues/health , , 
system, , , , , 
computer,/technology and computing/hardware/computer , , , , 
meat,/food and drink/food and grocery retailers/butchers ,meat ,/foods/meat , , 
year, , , , , 
thanks, ,thanks ,/comments/thanks , , 
music,/art and entertainment/music ,music ,/activities/songs/tracks/music , , 
person, ,person ,/people , , 
reading,/hobbies and interests/reading ,reading ,/activities/reading , , 
method, ,method ,/tools/resources/materials/method , , 
data, ,data , , , 
food,/food and drink ,food , , , 
understanding, ,understanding ,/concepts/factors/skills/understanding , , 
theory,/art and entertainment/music/music reference/music composition and theory ,theory ,/books/theory , , 
law,"/law, govt and politics ",law ,/fields/law , , 
bird,/pets/birds ,bird ,/animals/bird , , 
literature,/art and entertainment/books and literature ,literature ,/fields/subjects/literature , , 
problem,/health and fitness/addiction/substance abuse ,problem ,/problems , , 
software,/technology and computing/software ,software ,/products/materials/software , , 
control,/home and garden/pest control ,control ,/activities/functions/control , , 
knowledge, ,knowledge , , , 
power, ,power ,/industries/power , , 
ability, ,ability ,/concepts/factors/ability , , 
economics, ,economics ,/fields/social sciences/economics , , 
love, ,love ,/people/emotions/love , , 
internet, ,internet ,/industries/media/internet , , 
television,/art and entertainment/movies and tv/television ,television ,/industries/media/television , , 
science,/science ,science ,/fields/subjects/science , , 
library, ,library ,/industries/media/library , , 
nature, ,nature ,/activities/events/details/features/factors/nature , , 
fact, ,fact ,/products/materials/links/resources/fact , , 
product, ,product ,/products , , 
idea, ,idea ,/products/services/resources/materials/idea , , 
temperature, ,temperature ,/considerations/factors/features/variables/environmental factors/temperature , , 
investment, ,investment ,/factors/assets/investment , , 
area, ,area , , , 
society,/society ,society ,/organizations/society , , 
activity,/hobbies and interests/paranormal phenomena ,activity ,/activities , , 
story,/art and entertainment/books and literature/fan fiction ,story ,/activities/story , , 
industry, ,industry ,/organizations/government agencies/industry , , 
media,/business and industrial/advertising and marketing/public relations ,media ,/industries/media , , 
thing, ,thing , , , 
oven,/home and garden/appliances/small appliances/toasters and toaster ovens , , , , 
community, ,community ,/organizations/communities/community , , 
definition, ,definition , , , 
safety,/home and garden/environmental safety ,safety ,/issues/safety , , 
quality, ,quality ,/issues/quality , , 
development, ,development ,/activities/services/development , , 
language,/education/language learning ,language ,/products/materials/services/resources/skills/language , , 
management,/business and industrial/business operations/management/supply chain management ,management ,/people/representatives/employees/management , , 
player,/technology and computing/consumer electronics/tv and video equipment/video players and recorders/dvd players and recorders ,player ,/people/player , , 
variety, ,variety ,/sources/publications/variety , , 
video,/technology and computing/software/desktop video ,video ,/sources/video , , 
week, , , , , 
security,/technology and computing/computer security/network security ,security ,/issues/security , , 
country,/art and entertainment/music/music genres/country music ,country , , , 
exam,/technology and computing/computer certification ,exam , , , 
movie,/art and entertainment/movies and tv/movies ,movie ,/industries/media/movie , , 
organization, ,organization ,/organizations , , 
equipment,/technology and computing/consumer electronics/tv and video equipment ,equipment ,/products/materials/services/resources/equipment , , 
physics,/science/physics ,physics ,/fields/sciences/physics , , 
analysis,/technology and computing/enterprise technology/data management ,analysis ,/products/tools/resources/materials/services/analysis , , 
policy,"/law, govt and politics/politics/foreign policy ",policy ,/issues/policy , , 
series, ,series , , , 
thought, , , , , 
basis, ,basis ,/products/chemicals/basis , , 
boyfriend, ,boyfriend ,/women/men/boyfriend , , 
direction, ,direction , , , 
strategy,/business and industrial/advertising and marketing/brand management ,strategy ,/activities/games/strategy , , 
technology,/technology and computing ,technology ,/industries/technology , , 
army,"/law, govt and politics/armed forces/army ",army ,/services/army , ,army 
camera,/technology and computing/consumer electronics/camera and photo equipment/cameras and camcorders/camera bags ,camera ,/devices/camera , , 
freedom, ,freedom ,/matters/values/human rights/freedom , , 
paper,/business and industrial/paper industry ,paper ,/products/materials/paper , , 
environment,/technology and computing/computer certification ,environment ,/people/media/environment , , 
child, ,child ,/people/child , , 
instance,/technology and computing/consumer electronics/tv and video equipment/dvrs and set-top boxes ,instance ,/features/instance , , 
month, , , , , 
truth, ,truth ,/matters/truth , , 
marketing,/business and industrial/advertising and marketing/marketing ,marketing ,/products/tools/resources/materials/services/marketing , , 
university, ,university ,/schools/university , , 
writing,/hobbies and interests/getting published/freelance writing , , , , 
article,/technology and computing/computer reviews ,article ,/products/materials/services/resources/article , , 
department,"/law, govt and politics/law enforcement/fire department ",department ,/organizations/agencies/department , , 
difference, ,difference ,/issues/difference , , 
goal, ,goal ,/activities/events/details/features/points/goal , , 
news,/news ,news ,/people/media/websites/links/resources/news , , 
audience, ,audience ,/people/audience , , 
fishing,/sports/fishing ,fishing ,/activities/fishing , , 
growth, ,growth ,/issues/growth , , 
income,"/law, govt and politics/legal issues/legislation/tax laws ",income , , , 
marriage,/society/social institution/marriage ,marriage ,/issues/relationships/marriage , , 
user, ,user ,/people/professionals/developers/users/user , , 
combination, ,combination ,/derivatives/combination , , 
failure,/health and fitness/disease/thyroid disease ,failure ,/problems/failure , , 
meaning,/science/social science/linguistics/translation ,meaning ,/issues/meaning , , 
medicine,/science/medicine ,medicine ,/fields/medicine , , 
philosophy,/science/social science/philosophy ,philosophy ,/fields/philosophy , , 
teacher,/education/english as a second language ,teacher ,/people/professionals/teacher , , 
communication, ,communication ,/products/materials/services/resources/skills/communication , , 
night, ,night ,/times/night , , 
chemistry,/science/chemistry ,chemistry ,/fields/sciences/chemistry , , 
disease,/health and fitness/disease ,disease ,/problems/disease , , 
disk,/technology and computing/hardware/computer components/disks ,disk , , , 
energy,/business and industrial/energy/renewable energy ,energy ,/industries/energy , , 
nation, ,nation ,/people/media/publications/nation , , 
road,/sports/auto racing ,road , , , 
role,/art and entertainment/theatre/theatre awards ,role ,/issues/role , , 
soup,/food and drink/food/salads ,soup ,/recipes/dishes/soup , , 
advertising,/business and industrial/advertising and marketing/advertising ,advertising ,/products/materials/advertising , , 
location,/business and industrial/tanning ,location , , , 
success, ,success ,/categories/subjects/success , , 
addition, ,addition ,/concepts/numbers/factors/changes/addition , , 
apartment,/real estate/apartments ,apartment , , , 
education,/education ,education ,/industries/media/education , , 
math,/science/mathematics/algebra ,math ,/activities/courses/subjects/math , , 
moment, ,moment ,/pieces/moment , , 
painting,/art and entertainment/visual art and design/painting ,painting ,/industries/media/painting , , 
politics,"/law, govt and politics/politics ",politics ,/issues/politics , , 
attention,/health and fitness/disorders/mental disorder/a.d.d. ,attention ,/techniques/concepts/factors/resources/skills/attention , , 
decision, ,decision ,/activities/decision , , 
event,/art and entertainment/shows and events/sports event ,event ,/activities/event , , 
property,/society/crime/property crime/larceny ,property , , , 
shopping,/shopping ,shopping ,/activities/services/benefits/rewards/points/shopping , , 
student,/finance/personal finance/lending/student loans ,student ,/people/student , , 
wood, ,wood ,/products/materials/wood , , 
competition, ,competition ,/activities/events/competition , , 
distribution,/business and industrial/business operations/management/supply chain management ,distribution ,/industries/distribution , , 
entertainment,/art and entertainment ,entertainment ,/industries/entertainment , , 
office, ,office , , , 
population,/science/medicine/genetics ,population ,/fields/statistics/population , , 
president,"/law, govt and politics/government/executive branch ",president ,/persons/guests/representatives/employees/officers/president , ,president 
unit, ,unit , , , 
category,/technology and computing/software/shareware and freeware ,category , , , 
cigarette,/health and fitness/addiction/smoking addiction ,cigarette ,/products/goods/tobacco products/cigarette , , 
context, ,context , , , 
introduction, ,introduction ,/parts/sections/introduction , , 
opportunity,/business and industrial/business operations/human resources/compensation and benefits ,opportunity ,/issues/benefits/opportunity , , 
performance,/automotive and vehicles/cars/performance vehicles ,performance ,/issues/performance , , 
driver, ,driver , , , 
flight, ,flight ,/activities/events/nights/flight , , 
length, ,length ,/details/features/factors/length , , 
magazine, ,magazine ,/products/materials/services/resources/publications/magazine , , 
newspaper, ,newspaper ,/industries/media/newspaper , , 
relationship, ,relationship ,/issues/relationship , , 
teaching,/education/english as a second language ,teaching , , , 
cell,/business and industrial/energy/renewable energy/fuel cell ,cell ,/tissues/cell , , 
dealer,/automotive and vehicles/certified pre-owned ,dealer , , , 
finding, ,finding ,/small items/jewelry making supplies/finding , , 
lake, ,lake ,/natural resources/waterways/lake , , 
member, ,member , , , 
message,/technology and computing/internet technology/email ,message , , , 
phone,/technology and computing/consumer electronics/telephones/mobile phones ,phone ,/devices/phone , , 
scene, ,scene ,/images/scene , , 
appearance, ,appearance ,/details/features/characteristics/appearance , , 
association,/education/alumni and reunions ,association ,/organizations/association , , 
concept, ,concept ,/tools/resources/materials/concept , , 
customer,/technology and computing/enterprise technology/customer relationship management ,customer ,/organizations/individuals/employees/customer , , 
death,"/law, govt and politics/legal issues/death penalty ",death ,/services/events/death , , 
discussion,/technology and computing/computer reviews ,discussion , , , 
housing,/home and garden ,housing ,/issues/resources/materials/services/housing , , 
inflation,/society/work/unemployment ,inflation ,/concepts/numbers/factors/inflation , , 
insurance,/finance/personal finance/insurance ,insurance ,/industries/financial services/insurance , , 
mood,/health and fitness/disorders/mental disorder/bipolar disorder ,mood , , , 
woman,/family and parenting/motherhood/artificial insemination ,woman ,/people/woman , , 
advice,/careers/career advice ,advice , , , 
blood,/health and fitness/disease/cholesterol ,blood ,/products/materials/specimens/body fluids/blood , , 
effort, ,effort , , , 
expression,/science/mathematics/arithmetic ,expression ,/human rights/expression , , 
importance, ,importance ,/concepts/importance , , 
opinion, ,opinion ,/products/services/resources/materials/opinion , , 
payment,/finance/bank/checks ,payment , , , 
reality,/art and entertainment/movies and tv/reality ,reality ,/people/reality , , 
responsibility, ,responsibility ,/issues/values/responsibility , , 
situation, ,situation ,/situations , , 
skill, ,skill , , , 
statement, ,statement ,/statements , , 
wealth, ,wealth , , , 
application, ,application , , , 
city, ,city ,/places/city , , 
county, ,county ,/organizations/agencies/county , , 
depth, ,depth ,/details/features/factors/depth , , 
estate,/real estate ,estate , , , 
foundation, ,foundation ,/organizations/foundation , , 
grandmother, ,grandmother ,/people/women/grandmother , , 
heart,/health and fitness/disease/heart disease ,heart ,/tissues/organs/heart , , 
perspective,/health and fitness/alternative medicine/holistic healing ,perspective ,/techniques/perspective , , 
photo, ,photo , , , 
recipe,/food and drink/health and lowfat cooking ,recipe ,/products/services/resources/materials/ideas/recipe , , 
studio, ,studio , , , 
topic, ,topic ,/topics , , 
collection, ,collection , , , 
depression,/health and fitness/disorders/mental disorder/depression ,depression ,/problems/depression , ,depression 
imagination, ,imagination ,/tools/resources/skills/imagination , , 
passion, ,passion , , , 
percentage, ,percentage , , , 
resource,/business and industrial/energy/renewable energy/geothermal energy ,resource ,/products/tools/resources/materials/services/resource , , 
setting, ,setting ,/factors/features/details/setting , , 
ad, ,ad ,/diseases/dementias/ad , , 
agency, ,agency ,/organizations/agency , , 
college,/education/graduate school/college ,college ,/organizations/institutions/college , , 
connection,/technology and computing/networking/vpn and remote access ,connection ,/products/details/features/connection , , 
criticism, ,criticism ,/issues/concerns/inquiries/comments/criticism , , 
debt,/finance/personal finance/debt management ,debt ,/issues/debt , , 
description, ,description ,/products/services/features/details/description , , 
memory,/technology and computing/hardware/computer components/memory ,memory ,/products/services/resources/memory , , 
patience, ,patience ,/concepts/factors/characteristics/attributes/qualities/patience , , 
secretary,/business and industrial/agriculture and forestry/agriculture , , , ,secretary 
solution,/technology and computing/enterprise technology/enterprise resource planning ,solution ,/products/solution , , 
administration,/education/graduate school/college administration ,administration ,/activities/services/administration , , 
aspect,/technology and computing/consumer electronics/tv and video equipment/televisions/hdtvs ,aspect ,/factors/features/parameters/aspect , , 
attitude,/art and entertainment/music/music genres/punk ,attitude ,/concepts/factors/attitude , , 
director,/business and industrial/business operations/human resources ,director ,/organizations/individuals/participants/representatives/director , ,director 
personality, ,personality ,/details/features/factors/personality , , 
psychology,/science/medicine/psychology and psychiatry ,psychology ,/fields/psychology , , 
recommendation, ,recommendation , , , 
response, ,response ,/factors/materials/comments/response , , 
selection, ,selection ,/issues/selection , , 
storage,/automotive and vehicles/vehicle rental ,storage , , , 
version,/technology and computing/software/shareware and freeware ,version , , , 
alcohol,/health and fitness/addiction ,alcohol ,/products/medications/drugs/alcohol , , 
argument,/religion and spirituality/atheism and agnosticism ,argument ,/links/argument , , 
complaint, ,complaint ,/issues/complaint , , 
contract,/society/work/contracts ,contract ,/issues/relationships/arrangements/agreements/contract , , 
emphasis, ,emphasis , , , 
highway,"/law, govt and politics/law enforcement/highway patrol ",highway ,/activities/projects/highway , , 
loss,/health and fitness/weight loss ,loss ,/problems/loss , , 
membership, ,membership ,/activities/membership , , 
possession, ,possession ,/charges/possession , , 
preparation, ,preparation ,/activities/services/preparation , , 
steak,/food and drink/barbecues and grilling ,steak ,/foods/meats/steak , , 
union,/society/work/unions ,union ,/organizations/union , , 
agreement,/business and industrial/company/joint venture ,agreement , , , 
cancer,/health and fitness/disease/cancer ,cancer ,/issues/causes/diseases/cancer , ,cancer 
currency,/automotive and vehicles/vehicle brands/fiat ,currency ,/valuables/currency , , 
employment, ,employment ,/issues/employment , , 
engineering,/science/engineering ,engineering ,/fields/engineering , , 
entry, ,entry ,/requirements/entry , , 
interaction,/art and entertainment/visual art and design ,interaction ,/issues/interaction , , 
mixture,/home and garden/appliances/small appliances/food processors ,mixture ,/silk fabrics/mixture , , 
preference, ,preference , , , 
region, ,region ,/places/region , , 
republic,"/law, govt and politics/government/embassies and consulates ",republic , , , 
tradition, ,tradition ,/people/tradition , , 
virus,/health and fitness/disease/cold and flu ,virus ,/problems/threats/virus , , 
actor,/art and entertainment/theatre/theatre awards ,actor ,/parties/entities/persons/actor , , 
classroom,/education/teaching and classroom resources/lesson plans ,classroom ,/services/resources/facilities/classroom , , 
delivery,/business and industrial/logistics/air freight ,delivery , , , 
device,/technology and computing/consumer electronics/ebook reader ,device ,/devices , , 
difficulty,/health and fitness/disease/thyroid disease ,difficulty ,/problems/difficulty , , 
drama,/art and entertainment/theatre/theatre awards ,drama ,/activities/drama , , 
election,"/law, govt and politics/politics/elections/presidential elections ",election ,/issues/election , , 
engine,/technology and computing/internet technology/web search ,engine , , , 
football,/sports/football ,football ,/activities/sports/football , ,football 
guidance, ,guidance ,/tools/resources/materials/services/guidance , , 
hotel,/travel/tourist facilities/hotel ,hotel ,/products/services/accommodations/hotel , , 
owner, ,owner ,/people/owner , , 
priority, ,priority ,/issues/priority , , 
protection,/shopping/resources/consumer protection ,protection ,/issues/protection , , 
suggestion, ,suggestion ,/services/resources/materials/submissions/comments/suggestion , , 
tension,/health and fitness/disease/headaches and migraines ,tension ,/problems/disorders/symptoms/tension , , 
variation,/science/medicine/genetics ,variation , , , 
anxiety,/health and fitness/disorders/mental disorder/panic and anxiety ,anxiety ,/issues/anxiety , , 
atmosphere, ,atmosphere ,/details/features/factors/atmosphere , , 
awareness,/health and fitness/disease/autism and pdd ,awareness ,/issues/awareness , , 
bath,/home and garden/bed and bath/bedroom ,bath ,/products/bath , , 
bread,/food and drink/food and grocery retailers/bakeries ,bread ,/foods/bread , , 
candidate,"/law, govt and politics/politics/elections/presidential elections ",candidate ,/people/candidate , , 
climate,/science/geography/topography ,climate , , , 
comparison,/shopping/resources/comparisons engines ,comparison , , , 
confusion,/health and fitness/disease/headaches and migraines ,confusion ,/problems/symptoms/confusion , , 
construction,/business and industrial/construction ,construction ,/industries/construction , , 
elevator,/home and garden/laundry ,elevator ,/services/hotel facilities/elevator , , 
emotion, ,emotion ,/concepts/factors/emotion , , 
employee,/business and industrial/business operations/human resources/compensation and benefits ,employee ,/people/representatives/employee , , 
employer,/careers/resume writing and advice ,employer ,/organizations/employer , , 
guest,/travel/tourist facilities/bed and breakfast ,guest ,/people/guest , , 
height, ,height ,/considerations/factors/features/parameters/characteristics/height , , 
leadership, ,leadership ,/issues/opportunities/services/resources/skills/leadership , , 
mall,/shopping ,mall ,/places/mall , , 
manager, ,manager ,/people/representatives/employees/manager , , 
operation, ,operation ,/activities/operations/systems/units/departments/operation , , 
recording,/hobbies and interests/home recording ,recording , , , 
sample,/business and industrial/business operations/business plans ,sample , , , 
transportation, ,transportation ,/issues/resources/materials/services/transportation , , 
charity, ,charity ,/organizations/groups/organisations/charity , , 
cousin, ,cousin ,/people/relatives/cousin , , 
disaster,/science/ecology/environmental disaster ,disaster ,/situations/emergencies/disaster , , 
editor, ,editor , , ,editor 
efficiency,/business and industrial/energy/renewable energy ,efficiency ,/issues/efficiency , , 
excitement, ,excitement ,/factors/emotions/excitement , , 
extent,"/law, govt and politics ",extent ,/factors/circumstances/extent , , 
feedback,/technology and computing/software/shareware and freeware ,feedback ,/activities/services/resources/materials/submissions/feedback , , 
guitar,/hobbies and interests/guitar ,guitar ,/products/instruments/guitar , , 
homework,/education/homework and study tips ,homework ,/activities/homework , , 
leader, ,leader ,/people/leader , , 
mom, ,mom ,/people/family members/mom , , 
outcome, ,outcome ,/issues/outcome , , 
permission,"/law, govt and politics/legal issues/civil law/copyright ",permission ,/factors/features/settings/permission , , 
presentation,/business and industrial/business operations/business plans ,presentation ,/activities/projects/presentation , , 
promotion,/shopping/resources/coupons ,promotion ,/issues/benefits/discounts/deals/promotion , , 
reflection, ,reflection , , , 
refrigerator,/home and garden/appliances/refrigerators and freezers ,refrigerator ,/devices/appliances/refrigerator , , 
resolution,/technology and computing/hardware/computer/desktop computer ,resolution ,/details/features/settings/resolution , , 
revenue,"/law, govt and politics/legal issues/legislation/tax laws ",revenue , , , 
session, ,session ,/activities/events/session , , 
singer, ,singer ,/people/professionals/artists/musicians/singer , , 
tennis,/sports/tennis ,tennis ,/activities/sports/tennis , ,tennis 
basket,/home and garden/laundry ,basket ,/products/containers/basket , , 
bonus, ,bonus ,/issues/benefits/bonus , , 
cabinet,"/law, govt and politics/government/executive branch ",cabinet ,/products/cabinet , , 
childhood, ,childhood ,/issues/childhood , , 
church,/religion and spirituality/christianity/catholicism ,church ,/organizations/church , , 
clothes,/family and parenting/babies and toddlers/baby clothes ,clothes ,/accessories/clothes , , 
coffee,/food and drink/beverages/non alcoholic beverages/coffee and tea ,coffee ,/products/beverages/coffee , , 
dinner,/food and drink/beverages/alcoholic beverages/cocktails and beer ,dinner ,/activities/events/dinner , , 
drawing,/art and entertainment/visual art and design/drawing ,drawing , , , 
hair,/style and fashion/beauty/hair care ,hair ,/products/materials/services/hair , , 
hearing,/health and fitness/disease/aids and hiv , , , , 
initiative,/health and fitness/women's health ,initiative ,/activities/initiative , , 
judgment,/society/social institution/divorce ,judgment , , , 
lab,/technology and computing/computer certification ,lab , , , 
measurement,/science/mathematics/geometry ,measurement ,/products/services/applications/measurement , , 
mode,/technology and computing/computer certification ,mode , , , 
mud, ,mud ,/products/materials/mud , , 
orange, ,orange ,/colors/orange , , 
poetry,/art and entertainment/books and literature/poetry ,poetry , , , 
police,"/law, govt and politics/law enforcement/police ",police ,/organizations/agencies/police , , 
possibility, ,possibility , , , 
procedure,/science/medicine/surgery/cosmetic surgery ,procedure ,/products/services/resources/materials/procedure , , 
queen, ,queen , , , 
ratio, ,ratio , , , 
relation, ,relation ,/people/relation , , 
restaurant,/food and drink/food/fast food ,restaurant ,/organizations/businesses/restaurant , , 
satisfaction, ,satisfaction ,/issues/satisfaction , , 
sector,/finance/bank ,sector , , , 
signature, ,signature ,/media/graphics/signature , , 
significance, ,significance , , , 
song,/art and entertainment/music/music reference/sheet music ,song ,/people/users/song , , 
tooth, ,tooth ,/products/parts/body parts/tooth , , 
town, ,town ,/places/town , , 
vehicle,/automotive and vehicles/off-road vehicles ,vehicle ,/vehicles , , 
volume, ,volume , , , 
wife, ,wife ,/persons/family members/wife , , 
accident,/travel/transports/road travel/road accident ,accident ,/issues/accident , , 
airport,/travel/transports/air travel/airports ,airport ,/places/airport , , 
appointment, ,appointment ,/activities/events/appointment , , 
arrival, ,arrival , , , 
assumption,/religion and spirituality/atheism and agnosticism ,assumption ,/factors/assumption , , 
baseball,/sports/baseball ,baseball ,/activities/sports/baseball , ,baseball 
chapter,/business and industrial/company/bankruptcy ,chapter ,/materials/resources/publications/chapter , , 
committee,"/law, govt and politics/government/courts and judiciary ",committee ,/organizations/groups/committee , , 
conversation, ,conversation ,/activities/events/conversation , , 
database,/technology and computing/software/databases ,database ,/products/materials/services/resources/database , , 
enthusiasm,/art and entertainment/humor ,enthusiasm , , , 
error,/technology and computing/internet technology/email ,error ,/problems/error , , 
explanation, ,explanation ,/types/explanation , , 
farmer,/business and industrial/agriculture and forestry/organic farming ,farmer ,/people/farmer , , 
gate,/travel/specialty travel/sightseeing tours ,gate ,/products/gate , , 
girl, ,girl ,/people/children/girl , , 
hall,/art and entertainment/shows and events/concert ,hall ,/facilities/rooms/hall , , 
historian,/science/social science/history/modern history ,historian ,/people/experts/scholars/historian , , 
hospital,/society/welfare/healthcare/hospital ,hospital ,/organizations/institutions/hospital , , 
injury, ,injury ,/problems/injury , , 
instruction,/education/english as a second language ,instruction ,/products/tools/resources/materials/instruction , , 
maintenance, ,maintenance ,/activities/services/maintenance , , 
manufacturer,/business and industrial/metals ,manufacturer ,/organizations/businesses/manufacturer , , 
meal,/food and drink/vegetarian ,meal , , , 
perception, ,perception ,/issues/perception , , 
pie,/food and drink/desserts and baking ,pie ,/foods/desserts/pie , , 
poem,/art and entertainment/books and literature/poetry ,poem ,/resources/materials/writings/poem , , 
presence,/technology and computing/internet technology/web design and html ,presence ,/services/features/factors/presence , , 
proposal,"/law, govt and politics/government/legislative ",proposal ,/activities/services/communications/materials/proposal , , 
reception, ,reception ,/activities/events/reception , , 
replacement, ,replacement , , , 
revolution, ,revolution ,/events/revolution , , 
river, ,river ,/issues/natural resources/waterways/river , , 
son, ,son ,/guests/family members/children/son , , 
speech,/health and fitness/therapy/physical therapy ,speech , , , 
tea,/food and drink/beverages/non alcoholic beverages/coffee and tea ,tea ,/products/beverages/tea , , 
village, ,village ,/places/village , , 
warning,/science/weather/meteorological disaster/tornado ,warning ,/communications/messages/warning , , 
winner, ,winner , , , 
worker, ,worker ,/people/worker , , 
writer, ,writer ,/people/professionals/artists/writer , ,writer 
assistance, ,assistance , , , 
breath,/health and fitness/disease/asthma ,breath ,/techniques/breath , , 
buyer,/real estate/buying and selling homes ,buyer ,/people/clients/individuals/employees/agents/buyer , , 
chest, ,chest ,/body parts/organs/muscles/chest , , 
chocolate,/food and drink/desserts and baking ,chocolate ,/foods/chocolate , , 
conclusion, ,conclusion ,/statements/conclusion , , 
contribution,/finance/personal finance/financial planning/retirement and pension ,contribution ,/issues/benefits/payments/contribution , , 
cookie,/food and drink/desserts and baking ,cookie ,/products/tools/technologies/cookie , , 
courage, ,courage ,/issues/values/courage , , 
dad, ,dad ,/people/family members/dad , , 
desk,/art and entertainment/theatre/theatre awards ,desk ,/accessories/desk , , 
drawer,/home and garden/bed and bath/bedroom/beds and headboards ,drawer ,/accessories/drawer , , 
establishment,/business and industrial/hospitality industry/food service ,establishment ,/organizations/companies/establishment , , 
examination, ,examination , , , 
garbage,/science/ecology/waste management/recycling ,garbage ,/materials/garbage , , 
grocery,/food and drink/food and grocery retailers/grocery stores ,grocery ,/costs/expenses/supplies/grocery , , 
honey,/food and drink/food/baked goods ,honey ,/products/honey , , 
impression, ,impression , , , 
improvement,/home and garden/home improvement and repair ,improvement , , , 
independence,"/law, govt and politics/government/courts and judiciary ",independence ,/issues/independence , , 
insect,/science/biology/zoology/entomology ,insect ,/problems/pests/insect , , 
inspection, ,inspection ,/activities/services/inspection , , 
inspector, ,inspector ,/parties/companies/individuals/professionals/inspector , , 
king, ,king ,/people/king , , 
ladder,/sports/climbing ,ladder ,/products/tools/ladder , , 
menu, ,menu , , , 
penalty,"/law, govt and politics/legal issues/death penalty ",penalty , , , 
piano,/art and entertainment/music/musical instruments/pianos ,piano ,/products/instruments/piano , , 
potato,/food and drink/food/snack foods ,potato ,/foods/vegetables/potato , , 
profession, ,profession ,/activities/profession , , 
professor, ,professor ,/people/students/professor , ,professor 
quantity, ,quantity ,/concepts/factors/features/details/quantity , , 
reaction,/food and drink/food allergies ,reaction ,/components/elements/reaction , , 
requirement, ,requirement , , , 
salad,/food and drink/food/condiments and dressings ,salad ,/recipes/dishes/salad , , 
sister, ,sister ,/guests/family members/friends/relatives/sister , , 
supermarket,/food and drink/food/frozen food ,supermarket ,/activities/services/facilities/amenities/shops/supermarket , , 
tongue, ,tongue , , , 
weakness,/health and fitness/disease/thyroid disease ,weakness ,/problems/disorders/symptoms/weakness , , 
wedding,/style and fashion/clothing/wedding dresses ,wedding ,/activities/events/wedding , , 
affair, ,affair ,/issues/affair , , 
ambition, ,ambition ,/factors/characteristics/attributes/qualities/ambition , , 
analyst,/business and industrial/business operations/management/business process ,analyst ,/people/experts/analyst , ,analyst 
apple,/technology and computing/hardware/computer/portable computer/tablet ,apple , , ,apple 
assignment, ,assignment ,/activities/services/resources/materials/instruments/assignment , , 
assistant,/health and fitness/therapy/physical therapy ,assistant ,/people/employees/assistant , , 
bathroom,/home and garden/bed and bath/bedroom ,bathroom , , , 
bedroom,/home and garden/bed and bath/bedroom ,bedroom , , , 
beer,/food and drink/beverages/alcoholic beverages/cocktails and beer ,beer ,/products/beverages/beer , , 
birthday,/shopping/gifts/party supplies ,birthday ,/activities/events/occasions/special occasions/birthday , , 
celebration, ,celebration ,/activities/events/celebration , , 
championship,/sports/auto racing/rally ,championship , , , 
cheek, ,cheek ,/body parts/extremities/cheek , , 
client,/technology and computing/networking/vpn and remote access ,client ,/people/client , , 
consequence, ,consequence ,/issues/consequence , , 
departure,/travel/transports/air travel/airfare ,departure , , , 
diamond,/style and fashion/jewelry/rings ,diamond ,/resources/materials/gemstones/diamond , , 
dirt,/sports/motorcycling ,dirt ,/problems/defects/impurities/contaminants/dirt , , 
ear,/health and fitness/disease/deafness ,ear , , , 
fortune, ,fortune ,/people/media/publications/magazines/fortune , , 
friendship,/style and fashion/jewelry/bracelets ,friendship ,/issues/resources/themes/friendship , , 
funeral,/religion and spirituality/christianity/catholicism ,funeral ,/activities/events/funeral , , 
gene, ,gene , , , 
girlfriend, ,girlfriend ,/women/girlfriend , , 
hat, ,hat ,/accessories/hat , , 
indication, ,indication ,/drugs/medications/indication , , 
intention,"/law, govt and politics/legal issues/legislation ",intention , , , 
lady,/art and entertainment/music/recording industry/music awards ,lady ,/people/lady , , 
midnight, ,midnight ,/colors/midnight , , 
negotiation,/finance/personal finance/debt management ,negotiation ,/issues/skills/negotiation , , 
obligation, ,obligation ,/instruments/securities/obligation , , 
passenger,/automotive and vehicles/cars/sedan ,passenger ,/people/drivers/passenger , , 
pizza,/food and drink/cuisines/italian cuisine ,pizza ,/foods/pizza , , 
platform, ,platform ,/products/services/facilities/buildings/structures/platform , , 
poet,/art and entertainment/books and literature/poetry ,poet , , , 
pollution,/science/ecology/pollution ,pollution ,/problems/pollution , , 
recognition,/science/computer science/artificial intelligence ,recognition ,/activities/awards/recognition , , 
reputation,/business and industrial/advertising and marketing/brand management ,reputation ,/considerations/factors/characteristics/reputation , , 
shirt,/style and fashion/accessories/ties ,shirt ,/products/shirt , , 
sir, ,sir ,/titles/sir , , 
speaker,/technology and computing/consumer electronics/tv and video equipment/home theater systems ,speaker ,/activities/events/speaker , , 
stranger, ,stranger ,/animals/dogs/stranger , , 
surgery,/science/medicine/surgery ,surgery ,/products/services/treatments/surgery , , 
sympathy,/shopping/gifts/greeting cards ,sympathy ,/special events/events/occasions/sympathy , , 
tale, ,tale ,/stories/tale , , 
throat,/health and fitness/disease/gerd and acid reflux ,throat , , , 
trainer,/health and fitness ,trainer ,/people/professionals/trainer , , 
uncle, ,uncle ,/people/relatives/uncle , , 
youth, ,youth ,/people/youth , , 
time, ,time , , , 
work, ,work ,/activities/work , , 
film,/art and entertainment/movies/film festivals and awards ,film , , , 
water, ,water ,/products/services/resources/materials/liquids/water , , 
money,/finance/personal finance/saving ,money ,/products/materials/services/resources/money , , 
example, ,example , , , 
while, , , , , 
business,NA,NA,NA, , 
study,/education/homework and study tips ,study ,/activities/study , , 
game, ,game , , , 
life, ,life ,/people/life , , 
form,/business and industrial/company/annual report ,form , , , 
air,"/law, govt and politics/armed forces/air force ",air , , , 
day, , , , , 
place, ,place ,/places , , 
number, ,number ,/characters/symbols/number , , 
part, , , , , 
field,/sports/hockey/field hockey ,field ,/fields , , 
fish,/sports/fishing/freshwater fishing , , , , 
back, , , , , 
process, ,process , , , 
heat,/business and industrial/energy/renewable energy/geothermal energy ,heat , , , 
hand, ,hand ,/materials/services/parts/hand , , 
experience, ,experience , , , 
job,/careers/job search ,job ,/issues/benefits/opportunities/job , , 
book,/art and entertainment/comics and animation/comics ,book ,/products/services/resources/materials/book , , 
end, ,end , , , 
point, ,point , , , 
type,/health and fitness/disease/diabetes ,type ,/products/details/features/factors/type , , 
home, ,home , , , 
economy,/business and industrial/energy/oil/oil and gas prices ,economy ,/issues/economy , , 
value,/hobbies and interests/collecting/stamps and coins ,value ,/matters/value , , 
body, ,body ,/products/parts/body , , 
market, ,market ,/places/market , , 
guide,/travel/travel guides ,guide ,/products/materials/services/resources/guide , , 
interest,/society/crime/property crime/usury , , , , 
state, ,state ,/organizations/agencies/state , , 
radio,/art and entertainment/radio ,radio ,/industries/media/radio , , 
course, ,course , , , 
company,/business and industrial/record company ,company ,/organizations/company , , 
price, ,price ,/numbers/factors/features/details/price , , 
size,/technology and computing/software/shareware and freeware ,size ,/products/details/features/parameters/characteristics/size , , 
card,/finance/personal finance/lending/credit cards ,card ,/products/card , , 
list, ,list ,/products/materials/services/resources/list , , 
mind, , , , , 
trade, ,trade ,/issues/trade , , 
line,/technology and computing/networking/vpn and remote access ,line , , , 
care, ,care ,/activities/services/care , , 
group, ,group ,/organizations/group , , 
risk, ,risk ,/issues/risk , , 
word, ,word , , , 
fat,/health and fitness/disease/cholesterol , , , , 
force,"/law, govt and politics/armed forces/air force ",force , , , 
key, , , , , 
light,/home and garden/home furnishings/lamps and lighting ,light ,/accessories/light , , 
training, ,training ,/products/tools/resources/materials/services/training , , 
name, , , , , 
school,/education/school ,school ,/schools , , 
top, , , , , 
amount, , , , , 
level, ,level , , , 
order, , , , , 
practice,/technology and computing/computer certification ,practice ,/activities/events/practice , , 
research,/science/medicine/medical research ,research ,/activities/research , , 
sense,/art and entertainment/humor ,sense ,/lives/sense , , 
service, ,service , , , 
piece,/art and entertainment/visual art and design/performance art ,piece ,/accessories/piece , , 
web, ,web , , , 
boss, ,boss ,/brands/boss , , 
sport,/sports/fishing/sport fishing ,sport ,/activities/sport , , 
fun, ,fun ,/activities/fun , , 
house,/home and garden/home improvement and repair/house painting and finishing ,house , , , 
page, ,page , , , 
term,/finance/personal finance/insurance/life insurance ,term , , , 
test, ,test ,/products/tools/resources/materials/services/test , , 
answer, ,answer ,/services/resources/materials/comments/posts/answer , , 
sound,/technology and computing/hardware/computer components/sound cards , , , , 
focus, ,focus ,/contact lenses/focus , , 
matter, ,matter ,/books/matter , , 
kind, ,kind ,/mechanical seals/kind , , 
soil, ,soil , , , 
board,/hobbies and interests/games/board games and puzzles ,board , , , 
oil,/business and industrial/energy/oil ,oil ,/products/commodities/oil , , 
picture, ,picture ,/products/images/picture , , 
access,/technology and computing/networking/vpn and remote access ,access ,/issues/access , , 
garden,/home and garden ,garden ,/places/garden , , 
range, ,range ,/products/range , , 
rate, ,rate , , , 
reason,/religion and spirituality/atheism and agnosticism ,reason ,/matters/reason , , 
future, , , , , 
site, ,site ,/products/services/resources/materials/sites/site , , 
demand,/business and industrial/energy/oil/oil and gas prices ,demand ,/concepts/factors/demand , , 
exercise,/health and fitness/exercise ,exercise ,/activities/exercise , , 
image,/technology and computing/internet technology/web clip art ,image ,/products/image , , 
case, ,case ,/accessories/case , , 
cause, ,cause ,/issues/cause , , 
coast,"/law, govt and politics/law enforcement/coast guard ",coast ,/places/coast , , 
action,/shopping/toys/action figures ,action ,/activities/games/action , , 
age,/family and parenting/children/daycare and preschool ,age , , , 
bad, , , , , 
boat,/sports/boat racing ,boat ,/vehicles/boat , , 
record,/art and entertainment/music/recording industry/record labels ,record , , , 
result, ,result ,/factors/features/details/result , , 
section, ,section , , , 
building,"/law, govt and politics/legal issues/legislation/building laws ",building , , , 
mouse,/technology and computing/hardware/computer peripherals ,mouse ,/animals/mouse , , 
cash,/finance/bank/checks ,cash ,/products/materials/services/resources/assets/cash , , 
class,/education/alumni and reunions ,class , , , 
nothing, , , , , 
period,/science/social science/history/medieval history ,period ,/characters/punctuation marks/period , , 
plan,/business and industrial/business operations/business plans ,plan ,/statements/plan , , 
store,/food and drink/food and grocery retailers/grocery stores ,store ,/organizations/businesses/store , , 
tax,/finance/accounting and auditing/tax preparation and planning ,tax , , , 
side, , , , , 
subject, , , , , 
space,/business and industrial/aerospace and defense/space technology ,space ,/activities/services/resources/space , , 
rule,/business and industrial/advertising and marketing/telemarketing ,rule , , , 
stock,/finance/investing/options ,stock , , , 
weather,/science/weather ,weather ,/activities/events/details/features/factors/weather , , 
chance, ,chance ,/factors/chance , , 
figure,/sports/skating/figure skating ,figure ,/products/tools/resources/materials/illustrations/figure , , 
man, ,man ,/people/man , , 
model, ,model , , , 
source,/business and industrial/energy/renewable energy/geothermal energy ,source , , , 
beginning, , , , , 
earth, ,earth ,/celestial bodies/planets/earth , , 
program, ,program ,/products/tools/resources/materials/services/program , , 
chicken,/food and drink/food/salads ,chicken ,/foods/meats/chicken , , 
design,/art and entertainment/visual art and design/design ,design ,/products/tools/resources/materials/services/design , , 
feature, ,feature , , , 
head, ,head ,/factors/features/details/types/parts/head , , 
material, ,material ,/products/materials/services/resources/material , , 
purpose,/shopping/resources/warranties and service contracts ,purpose ,/details/features/factors/purpose , , 
question, ,question , , , 
rock,/sports/climbing/rock climbing ,rock ,/products/styles/rock , , 
salt,/food and drink/kosher food ,salt ,/products/goods/salt , , 
act, ,act ,/organizations/groups/subjects/standardized tests/act , , 
birth,/family and parenting/adoption ,birth , , , 
car, ,car ,/vehicles/car , , 
dog,/pets/dogs ,dog ,/animals/pets/dog , , 
object,/technology and computing/programming languages/c and c++ ,object , , , 
scale, ,scale ,/problems/pests/insects/scale , , 
sun, ,sun ,/products/elements/planets/stars/sun , , 
note, ,note , , , 
profit, ,profit , , , 
rent,/real estate/apartments ,rent ,/issues/types/rent , , 
speed, ,speed ,/features/factors/speed , , 
style,/style and fashion/men 's fashion ,style ,/products/details/features/factors/style , , 
war,/society/unrest and war ,war ,/issues/war , , 
bank,/finance/bank/bank account ,bank ,/organizations/businesses/financial institutions/bank , , 
craft,/art and entertainment/visual art and design/art and craft supplies ,craft ,/activities/craft , , 
half, ,half , , , 
inside, , , , , 
outside, , , , , 
standard,/business and industrial/energy/oil/oil company , , , , 
bus,/travel/transports/public transport ,bus ,/vehicles/motor vehicles/automobiles/bus , , 
exchange,/finance/investing/funds/exchange traded funds ,exchange , , , 
eye,/science/medicine/surgery ,eye ,/tissues/organs/eye , , 
fire,"/law, govt and politics/law enforcement/fire department ", , , , 
position, ,position ,/details/features/properties/position , , 
pressure,/health and fitness/disease/heart disease ,pressure ,/devices/components/elements/variables/pressure , , 
stress,/health and fitness/disorders/mental disorder/panic and anxiety ,stress ,/problems/stress , , 
advantage, ,advantage ,/factors/features/details/advantage , , 
benefit,/finance/personal finance/financial planning/retirement and pension ,benefit ,/issues/benefit , , 
box,/technology and computing/consumer electronics/tv and video equipment/dvrs and set-top boxes ,box ,/products/containers/box , , 
frame,/home and garden/bed and bath/bedroom/beds and headboards ,frame ,/products/parts/frame , , 
issue, ,issue ,/issues , , 
step, ,step ,/products/details/features/hazards/obstacles/step , , 
cycle, ,cycle ,/vehicles/cycle , , 
face, ,face ,/products/parts/face , , 
item, ,item , , , 
metal,/business and industrial/metals ,metal ,/products/materials/metal , , 
paint,/home and garden/home improvement and repair/house painting and finishing ,paint ,/products/materials/paint , , 
review,/art and entertainment/movies and tv/movies/reviews ,review , , , 
room,/technology and computing/internet technology/chat ,room , , , 
screen,/technology and computing/consumer electronics/tv and video equipment/projectors ,screen ,/products/screen , , 
structure, ,structure , , , 
view, ,view , , , 
account,/finance/bank/bank account ,account ,/issues/resources/materials/services/account , , 
ball, ,ball ,/products/toys/ball , , 
discipline, ,discipline ,/issues/discipline , , 
medium, ,medium ,/industries/medium , , 
share, ,share ,/products/services/resources/assets/securities/share , , 
balance,/finance/personal finance/lending/credit cards ,balance ,/techniques/concepts/factors/skills/balance , , 
bit,/technology and computing/hardware/computer networking/router ,bit ,/products/tools/bit , , 
black, , , , , 
bottom, , , , , 
choice, ,choice ,/considerations/factors/choice , , 
gift,/shopping/gifts ,gift ,/products/gift , , 
impact, ,impact ,/issues/impact , , 
machine, ,machine ,/products/machine , , 
shape, ,shape , , , 
tool, ,tool ,/products/tools/resources/tool , , 
wind,/business and industrial/energy/renewable energy/wind energy ,wind ,/products/elements/wind , , 
address,/technology and computing/programming languages/javascript ,address ,/products/materials/services/features/details/address , , 
average,/science/mathematics/statistics ,average , , , 
career,/careers/career planning ,career ,/people/women/career , , 
culture,/automotive and vehicles/cars/car culture ,culture ,/issues/culture , , 
morning, ,morning , , , 
pot, ,pot ,/products/containers/pot , , 
sign, ,sign , , , 
table,/sports/table tennis and ping-pong ,table ,/products/table , , 
task, ,task , , , 
condition,/health and fitness/disease/thyroid disease ,condition ,/matters/provisions/conditions/terms/condition , , 
contact, ,contact ,/products/components/contact , , 
credit,/finance/personal finance/lending/credit cards ,credit , , , 
egg, ,egg ,/foods/egg , , 
hope, ,hope ,/people/emotions/hope , , 
ice,/sports/skating/ice skating ,ice , , , 
network,/technology and computing/internet technology/social network ,network , , , 
north, ,north ,/places/north , , 
square, ,square ,/products/tools/shapes/square , , 
attempt,/technology and computing/computer certification ,attempt ,/acts/attempt , , 
date, ,date , , , 
effect, ,effect ,/issues/effect , , 
link, ,link ,/products/tools/resources/link , , 
post, ,post , , , 
star, ,star ,/tools/effects/shapes/star , , 
voice, ,voice , , , 
capital,/finance/investing/venture capital ,capital ,/services/resources/capital , , 
challenge, ,challenge ,/issues/challenge , , 
friend, ,friend ,/people/friend , , 
self, ,self ,/sources/publications/self , , 
shot,/health and fitness/disease/cold and flu ,shot ,/products/drinks/shot , , 
brush,/style and fashion/beauty/cosmetics/eyeshadow ,brush ,/products/tools/brush , , 
couple, ,couple ,/people/couple , , 
debate, ,debate , , , 
exit, ,exit , , , 
front,/home and garden/gardening and landscaping/yard and patio , , , , 
function, ,function ,/activities/events/function , , 
lack, ,lack ,/bands/lack , , 
living,/society/senior living , , , , 
plant,/business and industrial/energy/nuclear power ,plant ,/products/gifts/flowers/plant , , 
plastic,/science/medicine/surgery ,plastic ,/products/materials/plastic , , 
spot, ,spot ,/problems/irregularities/imperfections/marks/blemishes/spot , , 
summer, ,summer ,/people/summer , , 
taste,/food and drink/food/herbs and spices ,taste ,/details/features/factors/taste , , 
theme,/travel/tourist destinations/theme parks ,theme , , , 
track, ,track , , , 
wing,"/law, govt and politics/armed forces/air force ",wing ,/products/parts/wing , , 
brain,/health and fitness/disease/cancer/brain tumor ,brain ,/factors/types/parts/organs/brain , , 
button, ,button ,/products/button , , 
click, ,click , , , 
desire, ,desire ,/concepts/factors/emotions/desire , , 
foot, ,foot ,/parts/foot , , 
gas,/business and industrial/energy/natural gas ,gas , , , 
influence, ,influence ,/issues/influence , , 
notice,"/law, govt and politics ",notice , , , 
rain,/science/weather ,rain ,/components/elements/rain , , 
wall, ,wall ,/products/elements/surfaces/wall , , 
base, ,base ,/products/chemicals/base , , 
damage,/science/weather/meteorological disaster/flood ,damage ,/problems/damage , , 
distance,/education/distance learning ,distance ,/events/details/features/factors/distance , , 
feeling,/health and fitness/disorders/mental disorder/panic and anxiety ,feeling ,/issues/feeling , , 
pair, ,pair , , , 
savings, ,savings ,/products/services/financial services/savings , , 
staff, ,staff ,/people/students/staff , , 
sugar,/food and drink/food/candy and sweets ,sugar ,/products/ingredients/sugar , , 
target,/sports/hunting and shooting/target shooting ,target ,/organizations/businesses/stores/target , , 
text,/technology and computing/software/graphics software ,text ,/products/services/resources/materials/text , , 
animal,/pets/animal welfare ,animal ,/animals , , 
author, ,author , , , 
budget, ,budget , , , 
discount,/shopping/resources/coupons ,discount , , , 
file, ,file , , , 
ground, ,ground , , , 
lesson,/education/teaching and classroom resources/lesson plans ,lesson , , , 
minute, , , , , 
officer,"/law, govt and politics/law enforcement/highway patrol ",officer ,/organizations/service providers/partners/officer , ,officer 
phase, ,phase ,/factors/variables/parameters/characteristics/phase , , 
reference,/art and entertainment/books and literature/reference books ,reference , , , 
register,/education/alumni and reunions ,register ,/devices/components/register , , 
sky, ,sky ,/companies/sky , , 
stage,/art and entertainment/theatre/theatre companies ,stage , , , 
stick, ,stick ,/weapons/stick , , 
title, ,title , , , 
trouble, ,trouble , , , 
bowl,/home and garden/appliances/small appliances/food processors ,bowl ,/products/containers/bowl , , 
bridge, ,bridge ,/products/services/facilities/buildings/structures/bridge , , 
campaign, ,campaign ,/activities/campaign , , 
character, ,character ,/characters , , 
club, ,club ,/organizations/club , , 
edge,/technology and computing ,edge , , , 
evidence, ,evidence ,/tools/resources/materials/evidence , , 
fan,/art and entertainment/books and literature/fan fiction ,fan ,/people/fan , , 
letter,/careers/resume writing and advice ,letter ,/activities/services/resources/materials/papers/letter , , 
lock,/home and garden/home improvement and repair/locks and locksmiths ,lock ,/accessories/lock , , 
maximum, ,maximum , , , 
novel,/art and entertainment/books and literature/science fiction ,novel , , , 
option,/finance/investing/options ,option , , , 
pack,/technology and computing/operating systems/windows ,pack ,/products/pack , , 
park,/travel/tourist destinations/national parks ,park ,/places/park , , 
plenty, ,plenty ,/guys/plenty , , 
quarter, ,quarter , , , 
skin, ,skin ,/tissues/organs/skin , , 
sort, ,sort , , , 
weight,/health and fitness/weight loss ,weight ,/features/factors/weight , , 
baby,/family and parenting/babies and toddlers/baby clothes ,baby ,/people/children/baby , , 
background,/technology and computing/internet technology/web search/people search ,background ,/considerations/factors/features/details/background , , 
carry, ,carry ,/flags/carry , , 
dish,/food and drink/desserts and baking ,dish ,/accessories/utensils/dish , , 
factor,/business and industrial/biomedical ,factor ,/lenders/financial institutions/factor , , 
fruit,/food and drink/food/salads ,fruit ,/foods/fruit , , 
glass,/business and industrial/metals ,glass ,/products/materials/glass , , 
joint,/business and industrial/company/joint venture , , , , 
master, ,master , , , 
muscle, ,muscle ,/tissues/muscle , , 
red, , , , , 
strength, ,strength ,/techniques/concepts/factors/features/properties/strength , , 
traffic, ,traffic ,/issues/traffic , , 
trip, ,trip ,/activities/trip , , 
vegetable,/home and garden/gardening and landscaping/gardening ,vegetable ,/foods/vegetable , , 
appeal, ,appeal , , , 
chart,/hobbies and interests/astrology ,chart ,/products/services/resources/materials/graphics/chart , , 
gear, ,gear , , , 
ideal, ,ideal ,/companies/ideal , , 
kitchen, ,kitchen ,/products/services/facilities/rooms/kitchen , , 
land,/automotive and vehicles/vehicle brands/land rover ,land , , , 
log,/technology and computing/hardware/computer/servers ,log ,/products/log , , 
mother, ,mother ,/dogs/persons/family members/parents/mother , , 
net, ,net ,/accessories/net , , 
party,/shopping/gifts/party supplies ,party ,/activities/events/party , , 
principle, ,principle ,/issues/resources/courses/principle , , 
relative, , , , , 
sale,/automotive and vehicles/campers and rvs ,sale , , , 
season, ,season , , , 
signal, ,signal ,/devices/signal , , 
spirit,/health and fitness/alternative medicine/holistic healing ,spirit ,/products/beverages/spirit , , 
street, ,street ,/places/street , , 
tree, ,tree ,/products/gifts/flowers/plants/tree , , 
wave,/sports/surfing and bodyboarding ,wave , , , 
belt, ,belt ,/accessories/belt , , 
bench, ,bench ,/products/bench , , 
commission, ,commission , , , 
copy,"/technology and computing/hardware/computer peripherals/printers, copiers and fax/copiers ",copy , , , 
drop, ,drop ,/mishaps/accidents/drop , , 
minimum,"/law, govt and politics/legal issues/legislation/building laws ",minimum , , , 
path, ,path , , , 
progress,/technology and computing/technological innovation ,progress ,/issues/progress , , 
project,/business and industrial/business operations/management/project management ,project ,/activities/project , , 
sea, ,sea ,/activities/services/sea , , 
south, ,south ,/locations/countries/united states/south , , 
status, ,status ,/details/features/factors/status , , 
stuff, ,stuff ,/people/stuff , , 
ticket,/hobbies and interests/games/lottery ,ticket ,/activities/awards/prizes/ticket , , 
tour,/travel/specialty travel/sightseeing tours ,tour , , , 
angle, ,angle ,/products/angle , , 
blue, , , , , 
breakfast,/travel/tourist facilities/bed and breakfast ,breakfast ,/activities/services/meals/breakfast , , 
confidence, ,confidence , , , 
daughter, ,daughter ,/individuals/family members/children/daughter , , 
degree, ,degree ,/factors/qualifications/degree , , 
doctor, ,doctor ,/people/professionals/doctor , , 
dot,"/technology and computing/hardware/computer peripherals/printers, copiers and fax/printers ",dot ,/organizations/agencies/dot , ,dot 
dream, , , , , 
duty, ,duty , , , 
essay,/education/homework and study tips ,essay ,/products/services/resources/materials/writings/essay , , 
father, ,father , , , 
fee,/finance/bank/checks ,fee , , , 
finance,/finance ,finance ,/industries/finance , , 
hour, , , , , 
juice, ,juice ,/products/beverages/juice , , 
limit, ,limit ,/features/factors/terms/restrictions/limit , , 
luck, ,luck , , , 
milk,/food and drink/food allergies ,milk ,/foods/dairy products/milk , , 
mouth, ,mouth , , , 
peace, ,peace ,/issues/peace , , 
pipe,/home and garden/home improvement and repair/plumbing ,pipe ,/products/stainless steel products/pipe , , 
seat, ,seat ,/accessories/parts/seat , , 
stable, , , , , 
storm,/science/weather/meteorological disaster/hurricane ,storm ,/situations/emergencies/natural disasters/storm , , 
substance,/health and fitness/addiction/substance abuse ,substance , , , 
team, ,team ,/organizations/groups/teams/team , , 
trick, ,trick ,/comments/trick , , 
afternoon,/food and drink/beverages/non alcoholic beverages/coffee and tea ,afternoon ,/times/afternoon , , 
bat,/sports/baseball ,bat ,/animals/bat , , 
beach,/travel/tourist destinations/seaside resort ,beach ,/activities/attractions/beach , , 
blank, , , , , 
catch, ,catch ,/supplies and tools/catch , , 
chain,/business and industrial/business operations/management/supply chain management ,chain ,/accessories/chain , , 
consideration, ,consideration , , , 
cream,/food and drink/desserts and baking ,cream ,/products/cream , , 
crew,/business and industrial/aerospace and defense/space technology ,crew ,/people/passengers/crew , , 
detail, , , , , 
gold,/style and fashion/jewelry/earrings ,gold ,/products/commodities/precious metals/gold , , 
interview, ,interview , , , 
kid, ,kid ,/animals/dogs/kid , , 
mark, ,mark ,/people/mark , ,mark 
match, ,match ,/activities/events/match , , 
mission,/business and industrial/aerospace and defense/space technology ,mission ,/activities/mission , , 
pain,/health and fitness/disease/chronic pain ,pain ,/problems/pain , , 
pleasure,/automotive and vehicles/boats and watercraft ,pleasure ,/experiences/feelings/emotions/pleasure , , 
score, ,score ,/memorabilia/artifacts/tools/resources/materials/score , , 
screw,/business and industrial/metals ,screw ,/accessories/parts/components/small parts/fasteners/screw , , 
sex,/society/sex ,sex ,/issues/sex , , 
shop, ,shop ,/places/hotels/amenities/shop , , 
shower,/home and garden/bed and bath/bathroom ,shower ,/products/services/facilities/shower , , 
suit, ,suit ,/services/facilities/guest rooms/rooms/suit , , 
tone, ,tone , , , 
window, ,window , , , 
agent, ,agent ,/organizations/service providers/partners/agent , , 
band,/art and entertainment/music/music genres/ska ,band , , , 
block,/technology and computing/internet technology/isps ,block ,/accessories/props/block , , 
bone,/science/medicine/surgery/transplants ,bone ,/tissues/bone , , 
calendar,/art and entertainment/movies and tv/movies/reviews ,calendar ,/products/calendar , , 
cap,/sports/baseball ,cap ,/products/cap , , 
coat,/style and fashion/clothing/coats ,coat ,/accessories/clothes/coat , , 
contest,/shopping/resources/contests and freebies ,contest ,/activities/events/special offers/deals/promotions/contest , , 
corner, ,corner ,/places/corner , , 
court, ,court ,/organizations/agencies/court , , 
cup, ,cup ,/products/cup , , 
district,/education/special education ,district ,/organizations/district , , 
door,/home and garden/gardening and landscaping/yard and patio ,door ,/products/door , , 
east, ,east ,/places/east , , 
finger,/shopping/toys/puppets ,finger ,/elements/types/parts/body parts/finger , , 
garage,/home and garden/bed and bath/bedroom ,garage ,/products/services/facilities/structures/buildings/garage , , 
guarantee, ,guarantee , , , 
hole, ,hole ,/problems/defects/hole , , 
hook,/hobbies and interests/arts and crafts/crochet ,hook ,/accessories/hook , , 
implement, ,implement ,/products/tools/implement , , 
layer, ,layer ,/products/tools/layer , , 
lecture, ,lecture ,/activities/events/lecture , , 
lie, ,lie ,/books/lie , , 
manner, ,manner ,/subjects/manner , , 
meeting, ,meeting ,/activities/events/meeting , , 
nose,/science/medicine/surgery ,nose ,/accessories/parts/nose , , 
parking,/travel/transports/air travel/airports ,parking ,/activities/services/facilities/parking , , 
partner,/business and industrial/company/joint venture ,partner , , ,partner 
profile,/technology and computing/internet technology/social network ,profile , , , 
respect, ,respect ,/issues/values/respect , , 
rice,/food and drink/food/grains and pasta ,rice ,/foods/grains/rice , , 
routine, , , , , 
schedule, ,schedule , , , 
swimming,/sports/swimming ,swimming ,/activities/swimming , , 
telephone,/technology and computing/consumer electronics/telephones ,telephone ,/products/services/telephone , , 
tip, ,tip ,/products/tools/resources/tip , , 
winter, ,winter ,/themes/seasons/winter , , 
airline, ,airline , , , 
bag,/technology and computing/consumer electronics/camera and photo equipment/cameras and camcorders/camera bags ,bag ,/accessories/bag , , 
battle, ,battle , , , 
bed,/travel/tourist facilities/bed and breakfast ,bed ,/products/bed , , 
bill, , , , ,bill 
bother, , , , , 
cake,/food and drink/desserts and baking ,cake ,/foods/baked goods/cake , , 
code,/shopping/resources/coupons ,code ,/products/tools/resources/materials/code , , 
curve,/science/mathematics/geometry ,curve , , , 
designer,/style and fashion/fashion designers ,designer ,/people/professionals/designer , , 
dimension, ,dimension ,/concepts/factors/features/details/specifications/dimension , , 
dress,/style and fashion/clothing/wedding dresses ,dress ,/accessories/clothes/dress , , 
ease, ,ease ,/factors/characteristics/ease , , 
emergency, ,emergency ,/services/emergency , , 
evening,/style and fashion/clothing/wedding dresses ,evening ,/times/evening , , 
extension, ,extension , , , 
farm,/business and industrial/agriculture and forestry/farms and ranches ,farm ,/organizations/businesses/farm , , 
fight,/sports/boxing ,fight ,/problems/fight , , 
gap, ,gap ,/organizations/businesses/stores/gap , , 
grade,/education/grade school ,grade , , , 
holiday, ,holiday ,/activities/events/occasions/special occasions/holiday , , 
horror,/art and entertainment/movies and tv/horror ,horror ,/categories/genres/horror , , 
horse,/sports/horse racing ,horse ,/animals/horse , , 
host, ,host ,/people/guests/host , , 
husband, ,husband ,/people/family members/husband , , 
loan, ,loan ,/products/services/loan , , 
mistake, ,mistake ,/problems/errors/mistake , , 
mountain,/sports/bicycling/mountain biking ,mountain , , , 
nail,/style and fashion/beauty/cosmetics/nail polish ,nail ,/products/fasteners/nail , , 
noise, ,noise ,/issues/noise , , 
occasion, ,occasion ,/activities/events/occasion , , 
package,/business and industrial/business operations/human resources/compensation and benefits ,package ,/products/materials/services/package , , 
patient, ,patient ,/organizations/individuals/employees/customers/patients/patient , , 
pause,/technology and computing/consumer electronics/tv and video equipment/dvrs and set-top boxes ,pause , , , 
phrase,/technology and computing/internet technology/web search ,phrase , , , 
proof,/hobbies and interests/collecting/stamps and coins ,proof ,/materials/proof , , 
race,/sports/auto racing ,race ,/concepts/factors/characteristics/race , , 
relief,/health and fitness/disease/arthritis ,relief ,/issues/benefits/relief , , 
sand,/food and drink/food/grains and pasta ,sand ,/products/materials/sand , , 
sentence,"/law, govt and politics/legal issues/death penalty ",sentence , , , 
shoulder, ,shoulder ,/parts/joints/shoulder , , 
smoke, ,smoke ,/products/chemicals/pollutants/odors/smoke , , 
stomach,/health and fitness/disease/gerd and acid reflux ,stomach ,/types/parts/organs/stomach , , 
string, ,string ,/products/instruments/string , , 
tourist,/travel/tourist destinations ,tourist ,/people/visitors/tourist , , 
towel,/home and garden/bed and bath/bedroom/bedding and bed linens ,towel ,/accessories/linens/towel , , 
vacation,/travel/vacation rentals ,vacation ,/activities/events/vacation , , 
west, ,west , , , 
wheel, ,wheel ,/accessories/parts/wheel , , 
wine,/food and drink/beverages/alcoholic beverages/wine ,wine ,/products/beverages/wine , , 
arm, ,arm , , , 
aside, , , , , 
associate, , , , , 
bet,/sports/horse racing ,bet ,/channels/major networks/bet , , 
blow,/sports/curling ,blow ,/movies/blow , , 
border, ,border ,/places/border , , 
branch,"/law, govt and politics/government/executive branch ",branch ,/products/materials/branch , , 
breast,/health and fitness/disease/cancer ,breast ,/problems/diseases/cancers/breast , , 
brother, ,brother ,/family members/friends/relatives/brother , , 
buddy, ,buddy ,/volunteers/buddy , , 
bunch, ,bunch , , , 
chip,/technology and computing/hardware/computer components/motherboards ,chip ,/products/snacks/chip , , 
coach, ,coach ,/people/representatives/coach , , 
cross, ,cross ,/images/symbols/cross , , 
document, ,document , , , 
draft, ,draft ,/transactions/orders/draft , , 
dust,/health and fitness/disease/allergies ,dust ,/problems/defects/impurities/contaminants/particles/dust , , 
expert,/technology and computing/computer certification ,expert ,/people/expert , , 
floor,/home and garden/home furnishings/lamps and lighting ,floor , , , 
god, ,god ,/people/god , , 
golf,/sports/golf ,golf ,/activities/sports/golf , ,golf 
habit, ,habit ,/details/features/factors/characteristics/habit , , 
iron,/sports/curling ,iron ,/substances/nutrients/minerals/iron , , 
judge,"/law, govt and politics/government/courts and judiciary ",judge ,/organizations/individuals/professionals/lawyers/judge , , 
knife, ,knife ,/weapons/knife , , 
landscape, ,landscape , , , 
league,/sports/rugby ,league ,/activities/events/competitions/league , , 
mail, ,mail , , , 
mess, ,mess ,/arcade emulators/mess , , 
native, , , , , 
opening, ,opening ,/activities/events/opening , , 
parent,/family and parenting ,parent ,/people/family members/parent , , 
pattern,/hobbies and interests/arts and crafts/crochet ,pattern ,/products/tools/pattern , , 
pin, ,pin ,/accessories/pin , , 
pool,/sports/swimming ,pool ,/products/services/facilities/amenities/pool , , 
pound, ,pound ,/currencies/pound , , 
request, ,request ,/considerations/factors/materials/communications/request , , 
salary,/business and industrial/business operations/human resources/compensation and benefits ,salary ,/issues/benefits/salary , , 
shame, ,shame ,/concepts/factors/emotions/shame , , 
shelter,/pets/animal welfare ,shelter ,/considerations/factors/resources/materials/services/shelter , , 
shoe,/style and fashion/footwear ,shoe ,/accessories/shoe , , 
silver,/style and fashion/jewelry/earrings ,silver ,/products/materials/metals/silver , , 
tackle,/sports/fishing/saltwater fishing ,tackle ,/products/supplies/tackle , , 
tank,/pets/aquariums ,tank ,/vehicles/tank , , 
trust, ,trust ,/issues/opportunities/services/legal services/trust , , 
assist,/technology and computing/technical support , , , , 
bake,/food and drink/desserts and baking ,bake , , , 
bar,/food and drink/beverages/alcoholic beverages/cocktails and beer ,bar ,/places/bar , , 
bell, ,bell ,/products/instruments/bell , ,bell 
bike,/sports/bicycling/mountain biking ,bike ,/vehicles/bike , , 
blame, ,blame ,/issues/blame , , 
boy, ,boy ,/people/children/boy , , 
brick, ,brick ,/products/materials/brick , , 
chair,/home and garden/home furnishings/sofas and chairs ,chair ,/accessories/chair , , 
closet, ,closet ,/products/parts/closet , , 
clue,/hobbies and interests/games/board games and puzzles ,clue ,/games/board games/clue , , 
collar, ,collar ,/accessories/collar , , 
comment,/technology and computing/computer reviews ,comment , , , 
conference,/art and entertainment/shows and events/conference ,conference ,/activities/events/conference , , 
devil, ,devil ,/characters/creatures/monsters/devil , , 
diet,/food and drink/vegetarian ,diet ,/considerations/factors/diet , , 
fear,/health and fitness/disorders/mental disorder/panic and anxiety ,fear ,/techniques/concepts/factors/emotions/fear , , 
fuel,/business and industrial/energy/oil/diesel fuel ,fuel ,/fees/charges/expenses/costs/fuel , , 
glove,/style and fashion/accessories/gloves ,glove ,/accessories/glove , , 
jacket,/style and fashion/clothing/jackets ,jacket ,/products/garments/jacket , , 
lunch,/food and drink/cuisines/american cuisine ,lunch , , , 
monitor,/technology and computing/hardware/computer peripherals/computer monitors ,monitor ,/devices/monitor , , 
mortgage,/finance/personal finance/lending/home financing ,mortgage ,/products/services/loans/mortgage , , 
nurse,/careers/nursing ,nurse ,/people/professionals/nurse , , 
pace, ,pace ,/people/pace , , 
panic,/health and fitness/disorders/mental disorder/panic and anxiety ,panic ,/problems/anxiety disorders/panic , , 
peak, ,peak ,/features/peak , , 
plane,/travel/transports/air travel/air and space accident ,plane ,/vehicles/plane , , 
reward,/shopping/resources/loyalty programs ,reward ,/goodies/perks/benefits/incentives/reward , , 
row,/sports/rowing ,row , , , 
sandwich,/food and drink/food/condiments and dressings ,sandwich ,/foods/snacks/sandwich , , 
shock, ,shock ,/factors/emotions/shock , , 
spite, ,spite , , , 
spray, ,spray ,/products/spray , , 
surprise, ,surprise ,/feelings/emotions/surprise , , 
till, , , , , 
transition, ,transition , , , 
weekend, ,weekend ,/times/days/weekend , , 
welcome, , , , , 
yard,/home and garden/gardening and landscaping/yard and patio ,yard , , , 
alarm,/society/crime/property crime/burglary ,alarm ,/products/alarm , , 
bend, ,bend ,/accessories/parts/components/fittings/bend , , 
bicycle,/automotive and vehicles/bicycles and accessories ,bicycle ,/vehicles/bicycle , , 
bite,/pets/dogs ,bite ,/problems/skin irritations/bite , , 
blind, , , , , 
bottle,/food and drink/beverages/alcoholic beverages/wine ,bottle ,/products/containers/bottle , , 
cable,/technology and computing/consumer electronics/tv and video equipment/dvrs and set-top boxes ,cable , , , 
candle,/hobbies and interests/arts and crafts/candle and soap making ,candle ,/products/candle , , 
clerk, ,clerk ,/people/employees/clerk , , 
cloud,/technology and computing ,cloud ,/elements/textures/cloud , , 
concert,/art and entertainment/shows and events/concert ,concert ,/activities/events/concert , , 
counter, ,counter ,/products/services/applications/counter , , 
flower,/shopping/gifts/flowers ,flower ,/products/gifts/flower , , 
grandfather, ,grandfather ,/people/relatives/grandfather , , 
harm, ,harm ,/issues/harm , , 
knee,/science/medicine/orthopedics ,knee ,/body parts/organs/joints/knee , , 
lawyer,/travel/transports/road travel/road accident ,lawyer ,/organizations/individuals/professionals/lawyer , , 
leather,/style and fashion/clothing/jackets ,leather ,/products/materials/leather , , 
load,/technology and computing/hardware/computer/servers ,load ,/factors/conditions/load , , 
mirror,/technology and computing/consumer electronics/camera and photo equipment/telescopes ,mirror ,/accessories/mirror , , 
neck,/health and fitness/disease/headaches and migraines ,neck ,/features/types/parts/neck , , 
pension,/finance/personal finance/financial planning/retirement and pension ,pension ,/issues/benefits/pension , , 
plate, ,plate ,/products/plate , , 
purple, , , , , 
ruin,/society/crime/property crime/fraud ,ruin ,/places/sites/ruin , , 
ship,/business and industrial/shipbuilding ,ship ,/vehicles/ship , , 
skirt, ,skirt ,/products/garments/skirt , , 
slice, ,slice , , , 
snow,/travel/tourist destinations/ski resorts ,snow ,/people/snow , , 
specialist, ,specialist ,/people/professionals/doctors/specialist , , 
stroke,/health and fitness/disease/heart disease ,stroke ,/problems/diseases/stroke , , 
switch,/technology and computing/hardware/computer networking/router , , , , 
trash,/science/ecology/waste management/recycling ,trash ,/expenses/materials/trash , , 
tune,/art and entertainment/music/musical instruments/pianos ,tune ,/songs/tune , , 
zone, ,zone ,/diets/low carb diets/zone , , 
anger,/health and fitness/disorders/mental disorder/panic and anxiety ,anger ,/issues/emotions/anger , , 
award,/art and entertainment/theatre/theatre awards ,award ,/activities/honors/awards/award , , 
bid,/shopping/auctions ,bid , , , 
bitter,/food and drink/beverages/alcoholic beverages/cocktails and beer , , , , 
boot,/technology and computing/computer certification ,boot ,/accessories/shoes/boot , , 
bug,/home and garden/pest control ,bug ,/problems/bug , , 
camp,/automotive and vehicles/campers and rvs ,camp ,/activities/events/camp , , 
candy,/food and drink/food/candy and sweets ,candy ,/products/treats/candy , , 
carpet,/home and garden/home furnishings/rugs and carpets ,carpet ,/products/carpet , , 
cat,/pets/cats ,cat ,/animals/pets/cat , , 
champion, ,champion ,/brands/champion , , 
channel,/art and entertainment/movies and tv/children's ,channel , , , 
clock, ,clock ,/products/clock , , 
comfort, ,comfort , , , 
cow, ,cow ,/animals/cow , , 
crack,/society/crime/property crime/piracy ,crack ,/problems/defects/crack , , 
engineer, ,engineer ,/organizations/individuals/professionals/engineer , ,engineer 
entrance, ,entrance ,/applications/entrance , , 
fault,/science/geology/seismology/earthquakes ,fault ,/problems/fault , , 
grass, ,grass ,/animals/plants/grass , , 
guy,/art and entertainment/comics and animation/comics ,guy , , , 
hell, ,hell ,/words/hell , , 
highlight, ,highlight , , , 
incident,/technology and computing/computer security ,incident , , , 
island,/travel/tourist destinations/seaside resort ,island ,/places/island , , 
joke,/art and entertainment/humor ,joke ,/funnies/joke , , 
jury,/society/crime/personal offense/homicide ,jury ,/people/jury , , 
leg,/style and fashion/clothing/leggings ,leg , , , 
lip,/style and fashion/beauty/cosmetics/lipstick ,lip ,/accessories/parts/lip , , 
mate, ,mate ,/condoms/mate , , 
motor,/automotive and vehicles/motor shows ,motor ,/products/parts/motor , , 
nerve,/health and fitness/disease/chronic pain ,nerve ,/structures/nerve , , 
passage,"/law, govt and politics/legal issues/legislation ",passage , , , 
pen, ,pen ,/accessories/pen , , 
pride,/society/gay life ,pride ,/concepts/factors/emotions/pride , , 
priest, ,priest ,/people/priest , , 
prize,/art and entertainment/theatre/theatre awards ,prize ,/activities/awards/prize , , 
promise, ,promise ,/statements/promise , , 
resident, ,resident ,/people/resident , , 
resort,/travel/tourist destinations/seaside resort ,resort ,/activities/services/accommodations/resort , , 
ring,/style and fashion/jewelry/rings ,ring ,/accessories/ring , , 
roof,/home and garden/home improvement and repair/roofing ,roof , , , 
rope, ,rope ,/products/tools/rope , , 
sail,/sports/sailing ,sail ,/products/sail , , 
scheme,/finance/personal finance/financial planning/retirement and pension ,scheme ,/issues/scheme , , 
script, ,script , , , 
sock,/style and fashion/accessories/socks ,sock ,/accessories/sock , , 
station, ,station ,/places/landmarks/station , , 
toe, ,toe ,/parts/extremities/toe , , 
tower,/travel/specialty travel/sightseeing tours ,tower ,/assets/facilities/buildings/structures/tower , , 
truck,/automotive and vehicles/trucks and suvs/pickup trucks ,truck ,/vehicles/truck , , 
witness,/society/crime/personal offense/homicide ,witness ,/people/witness , , 
a, , , , , 
you, , , , , 
it, , , , , 
can, , , , , 
will, , , , , 
if, , , , , 
one, , , , , 
many, , , , , 
most, , , , , 
other, , , , , 
use, , , , , 
make, , , , , 
good, , , , , 
look, , , , , 
help, ,help , , , 
go, , , , , 
great, , , , , 
being, , , , , 
few, , , , , 
might, , , , , 
still, , , , , 
public, ,public , , , 
read, , , , , 
keep, , , , , 
start, , , , , 
give, , , , , 
human,"/law, govt and politics/legal issues/human rights ", , , , 
local, , , , , 
general, , , , , 
she, , , , , 
specific, , , , , 
long, , , , , 
play, ,play ,/happenings/events/live performances/play , , 
feel, , , , , 
high, , , , , 
tonight, , , , , 
put, , , , , 
common, , , , , 
set, , , , , 
change, ,change ,/people/circumstances/change , , 
simple, ,simple , , , 
past, , , , , 
big, , , , , 
possible, , , , , 
particular, , , , , 
today, , , , , 
major, , , , , 
personal,/finance/personal finance/lending/personal loans , , , , 
current, , , , , 
national, , , , , 
cut, ,cut ,/problems/injuries/cut , , 
natural,/business and industrial/energy/natural gas , , , , 
physical,/health and fitness/therapy/physical therapy , , , , 
show, , , , , 
try, , , , , 
check, ,check ,/products/materials/services/transactions/orders/check , , 
second, , , , , 
call, , , , , 
move, , , , , 
pay, ,pay , , , 
let, , , , , 
increase,/business and industrial/energy/oil/oil and gas prices ,increase ,/changes/increase , , 
single, , , , , 
individual,/finance/personal finance/insurance/health insurance ,individual ,/organizations/individual , , 
turn, ,turn , , , 
ask, , , , , 
buy, , , , , 
guard,"/law, govt and politics/law enforcement/coast guard ",guard ,/people/inmates/guard , , 
hold, , , , , 
main, , , , , 
offer, ,offer , , , 
potential,/business and industrial/energy/renewable energy/geothermal energy , , , , 
professional, , , , , 
international,"/law, govt and politics/legal issues/international law ", , , , 
travel,/travel ,travel , , , 
cook,/food and drink/barbecues and grilling ,cook ,/employees/workers/cook , , 
alternative,/health and fitness/alternative medicine ,alternative ,/categories/genres/alternative , , 
following, , , , , 
special,/education/special education , , , , 
working, ,working ,/activities/working , , 
whole,/food and drink/food/grains and pasta , , , , 
dance,/art and entertainment/dance ,dance ,/activities/dance , , 
excuse, ,excuse ,/ramblings/excuse , , 
cold, , , , , 
commercial,/automotive and vehicles/commercial vehicles , , , , 
low, , , , , 
purchase, ,purchase , , , 
deal, ,deal , , , 
primary, , , , , 
worth, , , , , 
fall, ,fall ,/issues/accidents/fall , , 
necessary,/business and industrial/business operations/business plans , , , , 
positive,/health and fitness/disease/aids and hiv , , , , 
produce,/food and drink/food/baked goods , , , , 
search, ,search ,/products/services/features/search , , 
present,/science/social science/history/prehistory , , , , 
spend, , , , , 
talk,/art and entertainment/movies and tv/talk shows ,talk ,/activities/events/talk , , 
creative, , , , , 
tell, , , , , 
cost, ,cost ,/issues/claims/expenses/cost , , 
drive,/technology and computing/hardware/computer components/disks ,drive , , , 
green,/business and industrial/green solutions ,green ,/colors/green , , 
support, ,support , , , 
glad, , , , , 
remove, , , , , 
return,/business and industrial/business operations/human resources/payroll services ,return ,/issues/policies/return , , 
run,/sports/bobsled ,run , , , 
complex, , , , , 
due, , , , , 
effective, , , , , 
middle, , , , , 
regular, , , , , 
reserve, ,reserve , , , 
independent,/art and entertainment/movies and tv/independent , , , , 
leave, , , , , 
original, , , , , 
reach, ,reach , , , 
rest, ,rest ,/techniques/basics/elements/measures/rest , , 
serve, ,serve ,/organizations/serve , , 
watch,/style and fashion/accessories/watches , , , , 
beautiful, , , , , 
charge, ,charge , , , 
active, , , , , 
break, ,break ,/times/hours/break , , 
negative, , , , , 
safe, , , , , 
stay,/travel/tourist facilities/bed and breakfast ,stay ,/days/stay , , 
visit, ,visit , , , 
visual,/technology and computing/programming languages/visual basic , , , , 
affect,/health and fitness/disorders/sleep disorders , , , , 
cover, ,cover ,/accessories/cover , , 
report,/business and industrial/company/annual report ,report ,/products/materials/services/resources/publications/report , , 
rise,/business and industrial/energy/oil/oil and gas prices ,rise , , , 
walk,/sports/walking , , , , 
white, , , , , 
beyond, , , , , 
junior, ,junior ,/people/junior , , 
pick,/hobbies and interests/games/lottery , , , , 
unique, , , , , 
anything,/technology and computing/hardware/computer components/memory , , , , 
classic,/art and entertainment/movies and tv/cult classics , , , , 
final, , , , , 
lift, ,lift ,/services/facilities/lift , , 
mix, ,mix ,/accessories/mix , , 
private,/education/school/private school , , , , 
stop, ,stop , , , 
teach,/education/teaching and classroom resources/lesson plans , , , , 
western,/art and entertainment/movies and tv/westerns , , , , 
concern, ,concern ,/issues/concern , , 
familiar, , , , , 
fly,/sports/fishing/fly fishing ,fly ,/animals/pests/insects/fly , , 
official, , , , ,official 
broad, , , , , 
comfortable, , , , , 
gain,/health and fitness/disease/thyroid disease ,gain , , , 
maybe, , , , , 
rich,/food and drink/food/fruits and vegetables , , , , 
save, , , , , 
stand, ,stand ,/accessories/stand , , 
young, , , , , 
fail, , , , , 
heavy, , , , , 
hello, ,hello ,/publications/magazines/hello , , 
lead,/business and industrial/advertising and marketing/telemarketing ,lead , , , 
listen,/art and entertainment/radio , , , , 
valuable, , , , , 
worry, ,worry ,/factors/emotions/worry , , 
handle, ,handle ,/accessories/handle , , 
leading,/technology and computing/consumer electronics/tv and video equipment/projectors , , , , 
meet,/society/dating , , , , 
release,/technology and computing/consumer electronics/home video and dvd ,release ,/products/specialty chemicals/release , , 
sell, , , , , 
finish, , , , , 
normal,/health and fitness/disease/thyroid disease , , , , 
press, ,press ,/industries/media/press , , 
ride, ,ride ,/activities/attractions/ride , , 
secret,"/law, govt and politics/espionage and intelligence/secret service ",secret , , , 
spread, ,spread ,/products/spread , , 
spring, ,spring , , , 
tough, , , , , 
wait, , , , , 
brown, , , , ,brown 
deep, , , , , 
display, ,display ,/products/display , , 
flow, ,flow ,/applications/transducers/flow , , 
hit, , , , , 
objective, , , , , 
shoot,/sports/hunting and shooting/skeet shooting ,shoot , , , 
touch,/technology and computing/consumer electronics/ebook reader ,touch ,/activities/functions/senses/touch , , 
cancel,/finance/personal finance/insurance/travel insurance , , , , 
chemical,/business and industrial/chemicals industry ,chemical ,/products/chemical , , 
cry,/family and parenting/babies and toddlers , , , , 
dump, , , , , 
extreme,/shopping/resources/coupons , , , , 
push, ,push , , , 
conflict, ,conflict ,/issues/conflict , , 
eat,/food and drink/healthy eating ,eat ,/books/eat , , 
fill, , , , , 
formal,/style and fashion/clothing/wedding dresses , , , , 
jump, ,jump , , , 
kick,/sports/boxing ,kick , , , 
opposite, , , , , 
pass,/technology and computing/computer certification ,pass ,/materials/articles/pass , , 
pitch, ,pitch , , , 
remote,/technology and computing/networking/vpn and remote access , , , , 
total, , , , , 
treat,/health and fitness/alternative medicine/homeopathy ,treat ,/products/treat , , 
vast, , , , , 
abuse,/health and fitness/addiction/substance abuse ,abuse ,/issues/abuse , , 
beat,/art and entertainment/music/music genres/ska ,beat , , , 
burn, ,burn ,/problems/injuries/burn , , 
deposit,/finance/bank/checks ,deposit , , , 
print,/art and entertainment/visual art and design ,print ,/industries/media/print , , 
raise, ,raise ,/incentives/perks/benefits/raise , , 
sleep,/health and fitness/disorders/sleep disorders ,sleep ,/activities/sleep , , 
somewhere, , , , , 
advance, ,advance ,/services/payments/advance , , 
anywhere,/technology and computing/networking/vpn and remote access , , , , 
consist,/business and industrial/business operations/business plans , , , , 
dark, , , , , 
double,/home and garden/bed and bath/bedroom , , , , 
draw,/hobbies and interests/games/lottery ,draw , , , 
equal,"/law, govt and politics/legal issues/civil rights ", , , , 
fix, ,fix ,/modifications/changes/improvements/fix , , 
hire, , , , , 
internal,/finance/accounting and auditing , , , , 
join, , , , , 
kill, ,kill ,/points/kill , , 
sensitive, , , , , 
tap,/food and drink/beverages/non alcoholic beverages/bottled water , , , , 
win, ,win ,/products/beverages/win , , 
attack, ,attack ,/problems/threats/attack , , 
claim, ,claim ,/issues/costs/expenses/liabilities/claims/claim , , 
constant,/science/physics/thermodynamics , , , , 
drag,/sports/auto racing ,drag , , , 
drink, ,drink ,/products/snacks/drink , , 
guess, ,guess ,/companies/brands/guess , , 
minor,/sports/baseball , , , , 
pull,/automotive and vehicles/auto parts , , , , 
raw,/food and drink/vegan , , , , 
soft,/food and drink/beverages/non alcoholic beverages/soft drinks , , , , 
solid,/home and garden/bed and bath/bedroom/beds and headboards , , , , 
wear,/style and fashion/swimwear ,wear ,/problems/wear , , 
weird, , , , , 
wonder, ,wonder ,/feelings/emotions/wonder , , 
annual,/business and industrial/company/annual report , , , , 
count, ,count , , , 
dead, , , , , 
doubt, ,doubt ,/issues/emotions/doubt , , 
feed,/business and industrial/agriculture and forestry/livestock ,feed ,/issues/costs/expenses/supplies/feed , , 
forever, , , , , 
impress,/automotive and vehicles/cars/luxury ,impress , , , 
nobody, , , , , 
repeat, ,repeat ,/actions/repeat , , 
round, , , , , 
sing,/art and entertainment/music/music genres/blues ,sing ,/songs/sing , , 
slide,/technology and computing/consumer electronics/tv and video equipment/projectors ,slide , , , 
strip, ,strip ,/patterns/strip , , 
whereas, , , , , 
wish, ,wish ,/factors/wish , , 
combine, , , , , 
command, ,command ,/applications/command , , 
dig, ,dig , , , 
divide,/science/mathematics/arithmetic ,divide ,/functions/operations/divide , , 
equivalent,/science/computer science , , , , 
hang, ,hang ,/problems/hang , , 
hunt,/sports/hunting and shooting ,hunt ,/people/hunt , , 
initial, , , , , 
march, , , , , 
mention, ,mention ,/key metrics/mention , , 
smell,/style and fashion/beauty/perfume ,smell ,/animals/dogs/smell , , 
spiritual,/religion and spirituality , , , , 
survey,/business and industrial/business operations/human resources/compensation and benefits ,survey ,/products/tools/resources/materials/services/survey , , 
tie,/style and fashion/accessories/ties ,tie ,/products/tie , , 
adult,/education/adult education ,adult ,/people/adult , , 
brief,/science/social science/history ,brief ,/products/materials/papers/legal documents/brief , , 
crazy, , , , , 
escape, ,escape ,/charges/escape , , 
gather, ,gather ,/sites/gather , , 
hate,/society/crime/personal offense/hate crime ,hate ,/experiences/feelings/emotions/hate , , 
prior, , , , , 
repair,/automotive and vehicles/auto repair ,repair , , , 
rough,/art and entertainment/visual art and design/drawing , , , , 
sad, , , , , 
scratch,/food and drink/food/baked goods ,scratch ,/problems/damages/scratch , , 
sick, , , , , 
strike,/society/work/unions ,strike , , , 
employ, ,employ , , , 
external,/technology and computing/hardware/computer components/disks , , , , 
hurt,/business and industrial/logistics/freight train ,hurt ,/issues/feelings/emotions/hurt , , 
illegal, , , , , 
laugh,/art and entertainment/humor ,laugh ,/times/laugh , , 
lay, ,lay ,/enron executives/lay , , 
mobile,/technology and computing/consumer electronics/telephones/mobile phones , , , , 
nasty,/society/sex , , , , 
ordinary, , , , , 
respond, ,respond , , , 
royal, ,royal ,/colors/royal , , 
senior,/society/senior living , , , , 
split, ,split ,/problems/defects/split , , 
strain,/health and fitness/disease/cold and flu ,strain ,/problems/injuries/strain , , 
struggle, ,struggle ,/issues/struggle , , 
swim,/style and fashion/swimwear ,swim ,/activities/swim , , 
train,/business and industrial/logistics/freight train ,train , , , 
upper, , , , , 
wash,/home and garden/appliances/dishwashers ,wash ,/techniques/wash , , 
yellow, , , , , 
convert,/technology and computing/mp3 and midi ,convert ,/tools/convert , , 
crash,/travel/transports/air travel/air and space accident ,crash ,/problems/crash , , 
dependent, , , , , 
fold, ,fold , , , 
funny,/art and entertainment/humor , , , , 
grab,/food and drink/beverages/non alcoholic beverages/coffee and tea ,grab , , , 
hide, , , , , 
miss,/art and entertainment/shows and events/beauty contest ,miss ,/titles/miss , , 
permit,"/law, govt and politics/legal issues/legislation/building laws ",permit ,/details/requirements/permits/approvals/authorizations/permit , , 
quote, ,quote , , , 
recover,/technology and computing/hardware/computer components/disks , , , , 
resolve,/technology and computing/technical support , , , , 
roll,/art and entertainment/music/music genres/punk ,roll ,/foods/baked goods/roll , , 
sink,/home and garden/appliances/microwaves ,sink ,/products/fixtures/sink , , 
slip, ,slip ,/factors/causes/accidents/slip , , 
spare, , , , , 
suspect,/society/crime/property crime/robbery , , , , 
sweet,/food and drink/food/candy and sweets , , , , 
swing,/sports/golf ,swing ,/factors/features/styles/swing , , 
twist, ,twist , , , 
upstairs,/home and garden/bed and bath/bedroom ,upstairs , , , 
usual, , , , , 
abroad, , , , , 
brave, , , , , 
calm,/health and fitness/disorders/mental disorder/panic and anxiety , , , , 
concentrate, ,concentrate ,/products/concentrate , , 
estimate,/home and garden/home improvement and repair/roofing ,estimate ,/statements/estimate , , 
grand, , , , , 
male,/health and fitness/disease/infertility ,male ,/people/male , , 
mine,/business and industrial/energy/coal , , , , 
prompt,/technology and computing/operating systems/unix , , , , 
quiet, , , , , 
refuse,/science/ecology/waste management/recycling ,refuse , , , 
regret, ,regret ,/issues/feelings/emotions/regret , , 
reveal, , , , , 
rush,/art and entertainment/movies and tv/talk shows ,rush ,/people/rush , , 
shake, , , , , 
shift, ,shift ,/keys/shift , , 
shine, ,shine , , , 
steal,/technology and computing/computer security/antivirus and malware ,steal ,/points/steal , , 
suck, ,suck ,/guys/suck , , 
surround,/technology and computing/consumer electronics/tv and video equipment/home theater systems ,surround ,/dm2000. 50 new features/surround , , 
anybody, ,anybody , , , 
bear,/shopping/toys/stuffed animals ,bear ,/animals/bear , , 
brilliant, , , , , 
dare,/art and entertainment/movies and tv/children's ,dare ,/adult party games/dare , , 
dear, ,dear ,/bands/dear , , 
delay, ,delay ,/issues/effects/delay , , 
drunk, , , , , 
female,/health and fitness/disease/infertility ,female ,/people/female , , 
hurry, ,hurry ,/words/hurry , , 
inevitable, , , , , 
invite, ,invite , , , 
kiss, ,kiss , , , 
neat, , , , , 
pop,/art and entertainment/music/music genres/pop music ,pop ,/products/styles/pop , , 
punch, ,punch ,/products/tools/punch , , 
quit,/health and fitness/addiction/smoking addiction , , , , 
reply, ,reply , , , 
representative, ,representative ,/people/representative , ,representative 
resist, , , , , 
rip,/technology and computing/mp3 and midi ,rip ,/problems/rip , , 
rub, ,rub ,/products/rub , , 
silly, , , , , 
smile,/health and fitness/dental care ,smile , , , 
spell,/religion and spirituality/alternative religions/pagan and wiccan ,spell ,/aspects/abilities/spell , , 
stretch,/automotive and vehicles/cars/sedan ,stretch , , , 
stupid, , , , , 
tear,/health and fitness/disease/arthritis ,tear ,/themes/tear , , 
temporary, , , , , 
tomorrow, , , , , 
wake,/sports/wakeboarding ,wake , , , 
wrap,/style and fashion/accessories/scarves ,wrap ,/accessories/wrap , , 
yesterday, , , , , 